{"cameraMode":{"drawMode":0,"name":"Shaded","section":"Shading Mode"},"sceneLighting":true,"audioPlay":false,"sceneViewState":{"m_AlwaysRefresh":false,"showFog":true,"showSkybox":true,"showFlares":true,"showImageEffects":true,"showParticleSystems":true,"showVisualEffectGraphs":true,"m_FxEnabled":true},"in2DMode":false,"pivot":{"x":570.6180419921875,"y":1036.3665771484375,"z":-292.0939025878906},"rotation":{"x":0.2544736862182617,"y":-0.042847245931625369,"z":0.010444738902151585,"w":0.9665318131446838},"size":215.7584686279297,"orthographic":false}